{
  "project_info": {
    "project_number": "your project number",
    "firebase_url": "Your firebase url",
    "project_id": "your project ID",
    "storage_bucket": "your_bucket"
  },
  "client": [
    {
      "client_info": {
        "mobilesdk_app_id": "YOUR_APP_ID",
        "android_client_info": {
          "package_name": "com.hellohasan.android_firebase_notification"
        }
      },
      "oauth_client": [
        {
          "client_id": "YOUR_CLIENT_ID",
          "client_type": 3
        }
      ],
      "api_key": [
        {
          "current_key": "YOUR_OWN_CURRENT_KEY"
        }
      ],
      "services": {
        "appinvite_service": {
          "other_platform_oauth_client": [
            {
              "client_id": "YOUR_CLIENT_ID",
              "client_type": 3
            }
          ]
        }
      }
    }
  ],
  "configuration_version": "1"
}